{
  "dt": 0.1,
  "nr": 15,
  "ny": 15,
  "nrs": 7,
  "res": 600,
  "vel": 0.000105,
  "gamma": 0.0075,
  "diff_r": 1.129417e-11,
  "diff_a": 5.616311e-12,
  "diff_b": 1.129417e-11,
  "henry": 0.034272,
  "height": 10.0,
  "dr": 0.00378887,
  "radius": 0.056833,
  "camb": 0.0,
  "csoil": 0.00589,
  "fractwat": 0.524601,
  "fractair": 0.189685
}
